
{"model": "NaiveBayes", "accuracy": 0.9158129175946548, "precision": 0.9179275575705689, "recall": 0.9158129175946548, "f1": 0.9158337273571787}
{"model": "SVM", "accuracy": 0.9805122494432071, "precision": 0.9805185989620967, "recall": 0.9805122494432071, "f1": 0.9805133664607437}
{"model": "LogisticRegression", "accuracy": 0.995879732739421, "precision": 0.9958797950454351, "recall": 0.995879732739421, "f1": 0.9958797515224125}
{"model": "RandomForest", "accuracy": 0.9636971046770602, "precision": 0.9637350011873765, "recall": 0.9636971046770602, "f1": 0.963702224031304}