
{"accuracy": 0.9951002227171493, "precision": 0.9951004106996326, "recall": 0.9951002227171493, "f1": 0.9951002672680795}